{
  "blue": [
    [
      101,
      201,
      199
    ],
    [
      100,
      196,
      209
    ],
    [
      101,
      184,
      213
    ],
    [
      101,
      164,
      205
    ],
    [
      100,
      213,
      202
    ],
    [
      101,
      168,
      199
    ],
    [
      102,
      191,
      194
    ]
  ],
  "red": [
    [
      175,
      223,
      192
    ],
    [
      175,
      221,
      185
    ],
    [
      175,
      223,
      191
    ],
    [
      175,
      212,
      197
    ],
    [
      176,
      206,
      189
    ],
    [
      175,
      207,
      190
    ],
    [
      175,
      213,
      175
    ],
    [
      176,
      228,
      188
    ],
    [
      175,
      239,
      187
    ],
    [
      176,
      234,
      190
    ],
    [
      175,
      233,
      197
    ],
    [
      174,
      230,
      210
    ]
  ],
  "orange": [
    [
      4,
      167,
      236
    ],
    [
      4,
      168,
      235
    ],
    [
      4,
      172,
      230
    ],
    [
      4,
      164,
      239
    ],
    [
      4,
      171,
      234
    ],
    [
      5,
      175,
      233
    ],
    [
      4,
      174,
      238
    ],
    [
      4,
      173,
      237
    ],
    [
      4,
      179,
      232
    ],
    [
      5,
      201,
      235
    ],
    [
      5,
      201,
      235
    ],
    [
      5,
      200,
      237
    ],
    [
      6,
      192,
      238
    ],
    [
      6,
      189,
      240
    ],
    [
      5,
      188,
      239
    ],
    [
      5,
      183,
      244
    ],
    [
      5,
      190,
      235
    ],
    [
      5,
      187,
      237
    ],
    [
      6,
      190,
      239
    ],
    [
      5,
      185,
      240
    ]
  ],
  "blue_lower": [
    99.57938972714298,
    155.55138461348753,
    190.95247506153828
  ],
  "blue_upper": [
    102.13489598714274,
    220.73432967222675,
    215.04752493846172
  ],
  "red_lower": [
    174.0611250698815,
    201.46500271789586,
    175.03253762049118
  ],
  "red_upper": [
    176.2722082634518,
    243.36833061543746,
    206.80079571284213
  ],
  "orange_lower": [
    3.353575995623106,
    159.82722386620065,
    230.41221193049972
  ],
  "orange_upper": [
    6.146424004376894,
    205.07277613379932,
    242.8877880695003
  ]
}